event_name,organizer,attendees,event_date_time,venue_name,venue_address,cost_of_attendance,event_url,price_level,rating,first_review
"OffChain NYC: Exploring AI, Blockchain, and Cryptocurrency",OffChain NYC,32,"Wednesday, September 25, 2024
5:30 PM to 8:30 PM EDT",Clinton Hall,"16 West 36th Street ¬∑ New York City, NY",FREE,https://www.meetup.com/offchain-new-york-crypto-drinks-group/events/303237679/?recId=4c6c2ae8-8748-4ac1-83c0-a4fbe6f83d1c&recSource=ml-popular-events-nearby&searchId=e5ca4056-f566-4f46-a15e-d6cc9a27c9d4&eventOrigin=find_page$inPerson,PRICE_LEVEL_MODERATE,4.1,"We stopped by Clinton Hall this weekend for brunch and got their bottomless brunch special - $19.99 with purchase of an entree. Loved the pancakes, French toast sticks & eggs Benedict. They also have an amazing waffle cake tower that's perfect for birthdays. They also have shelves of board games to choose. They have 4 locations so we plan on checking out the other 3 soon."
Sip & Sew: Beginner's Sewing Class,Upper East Side Sewing and Crafts,N/A,"Wednesday, September 25, 2024
7:00 PM to 8:30 PM EDT",The Fashion Class,"307 East 84th street , Ground floor ¬∑ New york, NY",$69.00,https://www.meetup.com/upper-east-side-sewing-crafts/events/303266892/?recId=4c6c2ae8-8748-4ac1-83c0-a4fbe6f83d1c&recSource=ml-popular-events-nearby&searchId=e5ca4056-f566-4f46-a15e-d6cc9a27c9d4&eventOrigin=find_page$inPerson,N/A,5,"Amazing private lesson - I took a one-on-one lesson to learn how to use a sewing machine (I‚Äôd never even touched one before), and I‚Äôm so glad I did. The instructor was thorough, patient, and kind, and I now can confidently do basic stitching on a sewing machine. The lesson was an incredible deal for how much I learned. Would 10/10 recommend for anyone looking to kick off their sewing hobby!"
Central Park Scavenger Hunt,Autistic Adults NYC,25,"Wednesday, September 25, 2024
1:00 PM to 3:00 PM EDT",Central Park West,"72nd St. & Central Park West ¬∑ New York, NY",FREE,https://www.meetup.com/autistic-adults-nyc/events/303076335/?recId=4c6c2ae8-8748-4ac1-83c0-a4fbe6f83d1c&recSource=ml-popular-events-nearby&searchId=e5ca4056-f566-4f46-a15e-d6cc9a27c9d4&eventOrigin=find_page$inPerson,N/A,5,Beautiful
"TechWalk NYC w/ Co-Hosts Jessica, Ugoeze, and Christine",TechWalk - Networking events for Tech and SaaS Professionals,8,"Wednesday, September 25, 2024
12:30 PM to 1:30 PM EDT",Le Pain Quotidien,"Columbus Cir ¬∑ New York, NY",FREE,https://www.meetup.com/techwalk-networking-events-for-tech-and-saas-professionals/events/303360710/?recId=4c6c2ae8-8748-4ac1-83c0-a4fbe6f83d1c&recSource=ml-popular-events-nearby&searchId=e5ca4056-f566-4f46-a15e-d6cc9a27c9d4&eventOrigin=find_page$inPerson,PRICE_LEVEL_MODERATE,3.8,"Ok guys fair is fair and here we go. Place has a good scene of views and lots of street noise normal for NYC. Staff is where this place fails big time. 3 people running the whole place is not going to cut it. Hope the owner reads this. Angry waitress upset because I asked for mint leaves on the mint ice tea and no one around to clean floors and tables. The nicest person was the food runner bringing the food out. This place has lots of room for improvement and I hope it‚Äôs fast so I can return as a customer. Also do not come here hungry.
Hope this place can improve"
The Language of Climate Politics in the 2024 Election,350NYC,N/A,"Wednesday, September 25, 2024
7:00 PM to 9:00 PM EDT",New York Society for Ethical Culture,"2 W 64th St ¬∑ New York, NY",FREE,https://www.meetup.com/350-org-new-york/events/303266850/?recId=4c6c2ae8-8748-4ac1-83c0-a4fbe6f83d1c&recSource=ml-popular-events-nearby&searchId=e5ca4056-f566-4f46-a15e-d6cc9a27c9d4&eventOrigin=find_page$inPerson,N/A,4.5,I had been here once & gotten on their email list  . Glad I did because during the pandemic I‚Äôve been fortunate enough to attend a few events on zoom . Really good stimulating conversations moderated well by respected members . This past week we were thrilled to be able to attend a live play performance . Excellent acting and the group  discussion that followed was very  thought provoking . Looking forward to more ethical nyc happenings . Another nice touch is the building is fully wheelchair accessible from a ramp out front as well as an elevator .
Live Music and Friends in Brooklyn,Social-Music NYC,8,"Tuesday, September 24, 2024
8:30 PM to 10:30 PM EDT",Barbes,"21 E 36th St ¬∑ New York, NY",FREE,https://www.meetup.com/social-musicinnewyork/events/303235164/?recId=4c6c2ae8-8748-4ac1-83c0-a4fbe6f83d1c&recSource=ml-popular-events-nearby&searchId=e5ca4056-f566-4f46-a15e-d6cc9a27c9d4&eventOrigin=find_page$inPerson,N/A,N/A,No reviews available
Boardgames at Side Door in Midtown East! New players welcome!,NYC Boardgame Icebreakers - Meet ‚Ä¢ Drink ‚Ä¢  Play,N/A,"Wednesday, September 25, 2024
6:30 PM to 9:30 PM EDT",Side Door,"151 E 57th St ¬∑ New York, NY",FREE,https://www.meetup.com/boardgame-icebreakers/events/303265835/?recId=4c6c2ae8-8748-4ac1-83c0-a4fbe6f83d1c&recSource=ml-popular-events-nearby&searchId=e5ca4056-f566-4f46-a15e-d6cc9a27c9d4&eventOrigin=find_page$inPerson,PRICE_LEVEL_MODERATE,4.4,"Will start off by saying the food was great and reasonably priced. We had a reservation and arrived but there was no host to seat us. Had to ask a bartender who brought us to our table. We asked to switch to a different empty table to get a better view of the game but was told by a guy sitting in the back on a laptop (manager? owner?) that those tables were reserved. I told him we had a reservation and he said no they are reserved for someone else. Of course, no one ended up showing up for those two tables and it appears they were reserved so the guy in the back could do his work without being bothered by having customers next to him. The two bartenders both waited on us and there was some confusion and frustration amongst them as to who was our waiter (that's for them to figure out, not us). Other than this, we really enjoyed, the food, drinks, and atmosphere. Not ready to give up on this place because it seems like a nice spot to watch the game and get some great food as well."
Startups and Business Networking Event NYC,Startups & Tech Events in NY,N/A,"Wednesday, September 25, 2024
6:00 PM to 9:00 PM EDT",E's Bar,"511 Amsterdam Ave ¬∑ New York, NY",FREE,https://www.meetup.com/startup-valley/events/302946548/?recId=4c6c2ae8-8748-4ac1-83c0-a4fbe6f83d1c&recSource=ml-popular-events-nearby&searchId=e5ca4056-f566-4f46-a15e-d6cc9a27c9d4&eventOrigin=find_page$inPerson,PRICE_LEVEL_MODERATE,4.4,"The best board games bar in the city! We have tried quite a few of them all over Manhattan and Brooklyn, and E's has remained our absolute favorite. The vibe is always casual, friendly, and fun, and ramps up a bit on Friday and Saturday nights. They have a fantastic selection of games, enough that there is always a new one to try even though we have easily been there 20+ times over the last few years. The servers are always laid-back, there are different seating areas depending on the vibe you're looking for, and the burgers are AMAZING. The happy hour deals are also amazing, and incredible that it's most of the day! We have easily spent 5+ hours here on multiple occasions because you just don't want to leave.

We also recently hosted an event here, and it was such an easy and positive experience. Erin was so friendly and incredibly helpful with our options for how to book it, and really took the stress out of any part of the planning process. The day itself was perfectly smooth, and our guests really loved the relaxed and fun vibe of the bar - exactly what we hoped for. Hopefully we'll have a reason to book an event with E's again, but we will for sure be there regularly in the meantime!"
6-Figure A.I. Secrets: How Anyone Can Make An Income with A.I,Digital Profits Academy - New York,N/A,"Wednesday, September 25, 2024
3:00 PM to 4:30 PM EDT",N/A,N/A,FREE,https://www.meetup.com/digital-profits-academy-newyork/events/303094520/?recId=4c6c2ae8-8748-4ac1-83c0-a4fbe6f83d1c&recSource=ml-popular-events-nearby&searchId=e5ca4056-f566-4f46-a15e-d6cc9a27c9d4&eventOrigin=find_page$inPerson,N/A,N/A,N/A
"Meet investors, present deals (Wednesday)",AICNYC,11,"Wednesday, September 25, 2024
6:00 PM to 8:00 PM EDT",N/A,N/A,FREE,https://www.meetup.com/aicnyc/events/303497994/?recId=4c6c2ae8-8748-4ac1-83c0-a4fbe6f83d1c&recSource=ml-popular-events-nearby&searchId=e5ca4056-f566-4f46-a15e-d6cc9a27c9d4&eventOrigin=find_page$inPerson,N/A,N/A,N/A
Soup Of The Day's Original Wendsday Improv/Standup Show,Soup Of The Day Comedy,N/A,"Wednesday, September 25, 2024
9:00 PM to 10:30 PM EDT",Producers Club Theaters,"358 West 44th Street ¬∑ New York, NY",$10.00,https://www.meetup.com/soup-of-the-day-comedy/events/303266094/?recId=4c6c2ae8-8748-4ac1-83c0-a4fbe6f83d1c&recSource=ml-popular-events-nearby&searchId=e5ca4056-f566-4f46-a15e-d6cc9a27c9d4&eventOrigin=find_page$inPerson,N/A,4.3,"This is a nice set of small, black-box theaters for the staging of independent productions. There is a nice bar/lounge/waiting area in which to wait if one arrives for one's show early. The only major downside with this venue is that the seating in most of the theaters is quite tight, with very little legroom in rows except for the first row, which can be extremely uncomfortable for people who are on the tall or large side."
Nuclear Symposium 2024: Uplifting Humanity,Atomic Drinks Twin Cities,N/A,"Wednesday, September 25, 2024
9:00 AM to 4:15 PM CDT",Verizon Executive Education Center,"2 W Loop Rd, New York, NY 10044 ¬∑ New York, NY",FREE,https://www.meetup.com/atomic-drinks-twin-cities/events/303243093/?recId=4c6c2ae8-8748-4ac1-83c0-a4fbe6f83d1c&recSource=ml-popular-events-nearby&searchId=e5ca4056-f566-4f46-a15e-d6cc9a27c9d4&eventOrigin=find_page$inPerson,N/A,4.6,"Brand-new event and conference space on Cornell Tech's campus. I just went for the first time for Open Studio, and it was a great venue!"
Test money,Admin Test Meetup,N/A,"Wednesday, September 25, 2024
7:00 PM to 10:00 PM EDT",Starbucks,"1500 Broadway ¬∑ New York , NY",$10.00,https://www.meetup.com/admin-test-meetup/events/303266454/?recId=4c6c2ae8-8748-4ac1-83c0-a4fbe6f83d1c&recSource=ml-popular-events-nearby&searchId=e5ca4056-f566-4f46-a15e-d6cc9a27c9d4&eventOrigin=find_page$inPerson,PRICE_LEVEL_MODERATE,4,"Starbucks in Times Square is an oasis in the heart of the hustle and bustle! Despite the constant flow of people, the staff is incredibly efficient and always manages to serve with a smile. The coffee is consistently great, and there‚Äôs plenty of seating to relax and take in the energy of the city. It‚Äôs the perfect spot to recharge during a day of sightseeing or while navigating the busy streets of New York. Plus, the location is unbeatable, right in the middle of all the action. Highly recommend for a quick pick-me-up or a cozy spot to unwind!"
World Tavern Poker @ Irregulars,New York City Poker Nights,N/A,"Wednesday, September 25, 2024
7:00 PM to 10:00 PM EDT",1152 1st Ave.,"1152 1st Ave. ¬∑ New York, NY",FREE,https://www.meetup.com/new-york-city-poker-nights/events/303267409/?recId=4c6c2ae8-8748-4ac1-83c0-a4fbe6f83d1c&recSource=ml-popular-events-nearby&searchId=e5ca4056-f566-4f46-a15e-d6cc9a27c9d4&eventOrigin=find_page$inPerson,N/A,4.3,"Came here for lunch on a Friday just after noon. The restaurant was mostly empty, maybe 3 or 4 other tables. Service and food were both great. Music, largely a blend of 90s and early 2000s hits, was quiet enough for comfortable conversation. The menu was a bit downsized from what was shown online, so I had to do some customization to meet my dietary needs, but they worked with me."
1/3 NO-LIMIT HOLD'EM ($10 CAPPED MAX RAKE) TIMES SQUARE CLUB,Fish Tank NYC Poker- TIMES SQUARE,N/A,"Wednesday, September 25, 2024 at 6:00 PM to Thursday, October 3, 2024 at 8:00 AM EDT",Times Square,"¬∑ Manhattan, NY",FREE,https://www.meetup.com/fish-tank-nyc-poker/events/303265638/?recId=4c6c2ae8-8748-4ac1-83c0-a4fbe6f83d1c&recSource=ml-popular-events-nearby&searchId=e5ca4056-f566-4f46-a15e-d6cc9a27c9d4&eventOrigin=find_page$inPerson,N/A,4.7,"New York City's Time Square is magical & shouldn't be missed!  If you've never been, you should go at least once as the lights at night are magical!  Go for their midnight moments hour for their art time on all the ads, it's magnificent.  There is so much joy in one place, yes it's a tourist trap but the best kind to people watch."
"After-Class Social Hour at Biddy's Pub - 301 E 91st St, New York, NY 10128",NYC Guitar School Meetup of Awesome Guitar,4,"Wednesday, September 25, 2024
7:30 PM to 9:00 PM EDT",Biddys Pub,"301 East 91st Street ¬∑ New York, NY",FREE,https://www.meetup.com/nyc-guitar-meetup-of-awesome/events/302829264/?recId=4c6c2ae8-8748-4ac1-83c0-a4fbe6f83d1c&recSource=ml-popular-events-nearby&searchId=e5ca4056-f566-4f46-a15e-d6cc9a27c9d4&eventOrigin=find_page$inPerson,PRICE_LEVEL_INEXPENSIVE,4.4,"My favorite bar in the city! Been coming here with my friends for a few years and always bring out of town visitors. Great spot to become a ‚Äúregular,‚Äù as the staff are friendly and attentive. Perfect chill neighborhood spot."
Balkan Cafe- Balkan Mix - Michael & Seido,New York Classic Folk Dance,N/A,"Wednesday, September 25, 2024
7:15 PM to 9:15 PM EDT","213 E 82nd St, Manhattan, NY 10028","213 E 82nd St, Manhattan, NY 10028 ¬∑ Manhattan, Ne",FREE,https://www.meetup.com/new-york-classic-folk-dance/events/303565220/?recId=4c6c2ae8-8748-4ac1-83c0-a4fbe6f83d1c&recSource=ml-popular-events-nearby&searchId=e5ca4056-f566-4f46-a15e-d6cc9a27c9d4&eventOrigin=find_page$inPerson,N/A,N/A,No reviews available
Fusion Bachata Lessons,"BACHATA NEW YORK Classes, Workshops, Socials, Congresses",N/A,"Wednesday, September 25, 2024
7:00 PM to 8:00 PM EDT",Pearl Studios NYC,"500 8th Ave ¬∑ New York, NY",FREE,https://www.meetup.com/bachatanewyorkcity/events/302762175/?recId=4c6c2ae8-8748-4ac1-83c0-a4fbe6f83d1c&recSource=ml-popular-events-nearby&searchId=e5ca4056-f566-4f46-a15e-d6cc9a27c9d4&eventOrigin=find_page$inPerson,N/A,4.5,"This is a review for a class I booked through I Love Dance. The website was already hard enough to navigate, but you have to expand the details to find out that some of them are, in fact, at Pearl Studios and not the I Love Dance location on Google Maps.

Also a physical ID is required‚Ä¶. no photos allowed"
Mercredi Fran√ßais,! French New York City !,N/A,"Wednesday, September 25, 2024
2:00 PM to 3:30 PM EDT",New York Public Library,"18 W 53rd St ¬∑ New York, ny",FREE,https://www.meetup.com/frenchies/events/303262212/?recId=4c6c2ae8-8748-4ac1-83c0-a4fbe6f83d1c&recSource=ml-popular-events-nearby&searchId=e5ca4056-f566-4f46-a15e-d6cc9a27c9d4&eventOrigin=find_page$inPerson,N/A,4.6,"Nice library not too far from the main one. It's pretty small, but very modern and the atmosphere is homey."
Beginner Bellydance Solid Foundations,NYC Bellydance Meetup!,N/A,"Wednesday, September 25, 2024
6:30 PM to 8:00 PM EDT",Bellydance America,"265 W 37th St ¬∑ New York, NY",FREE,https://www.meetup.com/nycbellydancers/events/303265359/?recId=4c6c2ae8-8748-4ac1-83c0-a4fbe6f83d1c&recSource=ml-popular-events-nearby&searchId=e5ca4056-f566-4f46-a15e-d6cc9a27c9d4&eventOrigin=find_page$inPerson,N/A,5,"I am loving the Online Programs with Janelle.   She gets you dancing right away.   She teaches like the teachers I learned from in the Middle East....watch and follow.    The music is great and she incorporates choreographies into even the beginning classes.   Her energy is fun and you can see she has a passion for her culture and her work.   I am Lebanese and I feel like I am dancing with family!   Thank You, Janelle, I am really loving the programs.  xo"
Fall for Dance: Choose Your Own [Dance] Adventure | Program 3,Women of Culture NYC,3,"Wednesday, September 25, 2024
7:30 PM to 9:30 PM EDT",New York city Center,"131 West 55th Street New York, NY, 10019 United States ¬∑ New York, NY",FREE,https://www.meetup.com/womenofculturenyc/events/303312462/?recId=06ed7609-70fd-404b-af09-d21bd4ac17cf&recSource=ml-popular-events-nearby&searchId=e5ca4056-f566-4f46-a15e-d6cc9a27c9d4&eventOrigin=find_page$inPerson,N/A,4.7,"This place is HUGE.  Seats approx. 2400 now.  Before the remodel it sat about 3 or 4 hundred more. (That means more leg room!)
Seats were comfortable and steep enough in the balcony that the row in front was not in the way.
3 levels.
Orchestra
Mezzanine
Balcony"
The Roommate on Broadway SOLD OUT,The Art of Wander,10,"Wednesday, September 25, 2024
1:00 PM to 3:00 PM EDT",Booth Theatre,"222 W 45th St ¬∑ New York, NY",FREE,https://www.meetup.com/the-art-of-wander-a-creative-travel-group/events/300977652/?recId=06ed7609-70fd-404b-af09-d21bd4ac17cf&recSource=ml-popular-events-nearby&searchId=e5ca4056-f566-4f46-a15e-d6cc9a27c9d4&eventOrigin=find_page$inPerson,N/A,4.6,This is such a cute theatre.  We sat in orchestra by the wall. Just be aware: the seating is tight with little leg room. The rows are long so accessibility isn‚Äôt ideal. There are bathrooms on the lower level. All the staff are helpful and friendly! We saw Kimberly Akimbo which was an awkward funny comedy.
Shut Up & Write!¬Æ in Midtown,Shut Up & Write!¬Æ NYC,N/A,"Wednesday, September 25, 2024
6:20 PM to 8:00 PM EDT",NY Public Library,"455 5th Ave ¬∑ New York, Ne",FREE,https://www.meetup.com/shutupandwritenyc/events/303513719/?recId=06ed7609-70fd-404b-af09-d21bd4ac17cf&recSource=ml-popular-events-nearby&searchId=e5ca4056-f566-4f46-a15e-d6cc9a27c9d4&eventOrigin=find_page$inPerson,N/A,4.5,"TikTok led me to the rooftop at the top floor of the library, and it didn't disappoint! There's ample seating, making it a prime spot to enjoy a meal with a view. The atmosphere is peaceful, ideal for escaping the city's noise for a while. Clean bathrooms are a plus, ensuring a comfortable visit. Definitely worth the hype for a serene outing!"
'FRIENDS 30th Anniversary Retrospective: The NYC Connections' Webinar,New York Adventure Club,2,"Wednesday, September 25, 2024
5:30 PM to 7:00 PM EDT",N/A,N/A,$12.00,https://www.meetup.com/newyorkadventureclub/events/303327346/?recId=06ed7609-70fd-404b-af09-d21bd4ac17cf&recSource=ml-popular-events-nearby&searchId=e5ca4056-f566-4f46-a15e-d6cc9a27c9d4&eventOrigin=find_page$inPerson,N/A,N/A,N/A
Wednesday Volleyball in Riverside Park,Upper West Side Volleyball Meetup,6,"Wednesday, September 25, 2024
5:15 PM to 8:45 PM EDT",Riverside Park Traveling Rings,"Riverside Dr ¬∑ New York, NY",FREE,https://www.meetup.com/upper-west-side-volleyball-meetup/events/303582788/?recId=06ed7609-70fd-404b-af09-d21bd4ac17cf&recSource=ml-popular-events-nearby&searchId=e5ca4056-f566-4f46-a15e-d6cc9a27c9d4&eventOrigin=find_page$inPerson,N/A,4.9,"I love this spot. I been coming here for some time and its always a peaceful time. Its never been crowded when I've been there and the rings give a whole new dynamic and fun way to do calisthenic exercise. With a beautiful view on the Hudson, facing Jersey.

If it rains really heavy, the sand will get nasty of course.

It can be a little tricky to get here but just make sure you go towards the river from the 90's.

This is a cool, nice little calisthenics spot that never gets too packed with lots of space."
Core Body Boot Camp,The Rise: FREE Outdoor Fitness in NYC,N/A,"Wednesday, September 25, 2024
7:00 AM to 7:30 AM EDT",Bryant Park,"¬∑ New York, NY",FREE,https://www.meetup.com/the-rise-nyc/events/303253267/?recId=06ed7609-70fd-404b-af09-d21bd4ac17cf&recSource=ml-popular-events-nearby&searchId=e5ca4056-f566-4f46-a15e-d6cc9a27c9d4&eventOrigin=find_page$inPerson,N/A,4.7,"Bryant Park is truly one of the hidden gems in the city. It‚Äôs a beautiful and exceptionally clean park with so much to offer. Whether you‚Äôre looking to relax or get active, there‚Äôs something for everyone. I spent a lovely afternoon here and was really impressed by the variety of activities available. They have chess, ping pong, and even board games, making it a great spot to hang out with friends or spend some quiet time alone.

I also had lunch here, and the food options around the park are fantastic! From quick snacks to more filling meals, there‚Äôs no shortage of delicious choices. It‚Äôs the perfect spot to grab a bite while soaking in the lively atmosphere. Overall, I highly recommend checking out Bryant Park!

It‚Äôs an ideal place to unwind, enjoy some fun activities, and take in the beauty of the city."
Online Tarot Psychic Reading - Live!,Totally Fun Things To Do In NYC,N/A,"Wednesday, September 25, 2024
2:00 PM to 7:00 PM EDT",N/A,N/A,$30.00,https://www.meetup.com/fun-new-york-events/events/303262371/?recId=06ed7609-70fd-404b-af09-d21bd4ac17cf&recSource=ml-popular-events-nearby&searchId=e5ca4056-f566-4f46-a15e-d6cc9a27c9d4&eventOrigin=find_page$inPerson,N/A,N/A,N/A
Beginners AfroDance at Broadway Dance Center | NOT FREE,Hip Hop and AfroDance NYC,N/A,"Wednesday, September 25, 2024
7:15 PM to 8:45 PM EDT",Broadway Dance Center,"322 W 45th St ¬∑ New York, NY",FREE,https://www.meetup.com/hip-hop-and-afrodance-nyc/events/303266473/?recId=06ed7609-70fd-404b-af09-d21bd4ac17cf&recSource=ml-popular-events-nearby&searchId=e5ca4056-f566-4f46-a15e-d6cc9a27c9d4&eventOrigin=find_page$inPerson,N/A,4.3,I took a lovely ballet drop in class here.  I did as the website suggested and downloaded the app beforehand.  When I arrived I was checked in quickly and headed up to the 3rd floor for locker rooms and a class in studio 1.  The locker room was very clean and neat.  There are day lockers for use.  You are able to bring your bag in the studio with you and set it on the windowsill durning class.  I took Dorit Koppel's ballet class which was AMAZING.  She's a wonderful teacher with great instruction and passion!   I am looking forward to the next time I am nearby and able to drop in for a class.  Their schedule is packed with classes so it's not hard to find something to work with your own schedule!
Manhattan Wednesday Easy Run - Amsterdam Ale House,Dashing Whippets Running Team,N/A,"Wednesday, September 25, 2024
6:30 PM to 8:30 PM EDT",72nd by Bethesda Fountain,"Terrace Dr. New York, NY 10024 ¬∑ New York, NY",FREE,https://www.meetup.com/dashing-whippets/events/303265329/?recId=06ed7609-70fd-404b-af09-d21bd4ac17cf&recSource=ml-popular-events-nearby&searchId=e5ca4056-f566-4f46-a15e-d6cc9a27c9d4&eventOrigin=find_page$inPerson,N/A,4.7,"Bethesda Terrace is one of my favorite places in Central Park, from its lovely scene, to its busy with life attractions every day at whatever hour! It‚Äôs really an amazing time and a great place to catch a photo. My favorite thing about it is the outdoor dancing events that happen during the summer to fall time!"
Online Tarot Psychic Reading,Jewish Professionals In New York City,N/A,"Wednesday, September 25, 2024
2:00 PM to 7:00 PM EDT",N/A,N/A,$30.00,https://www.meetup.com/jewish-events-in-new-york-city/events/303262666/?recId=06ed7609-70fd-404b-af09-d21bd4ac17cf&recSource=ml-popular-events-nearby&searchId=e5ca4056-f566-4f46-a15e-d6cc9a27c9d4&eventOrigin=find_page$inPerson,N/A,N/A,N/A
"Englewood, NJ in-person Sahaja Yoga Classes",Sahaja Yoga Meditation - TriState,N/A,"Wednesday, September 25, 2024
7:00 PM to 8:00 PM EDT",N/A,N/A,FREE,https://www.meetup.com/sahaja-yoga-meditation-tristate-ny-nj-ct/events/303267073/?recId=06ed7609-70fd-404b-af09-d21bd4ac17cf&recSource=ml-popular-events-nearby&searchId=e5ca4056-f566-4f46-a15e-d6cc9a27c9d4&eventOrigin=find_page$inPerson,N/A,N/A,N/A
Online Psychic Tarot Reading - Live!,"#1 NYC Social Group: Wine Tastings, Happy Hours & More!",N/A,"Wednesday, September 25, 2024
2:00 PM to 7:00 PM EDT",N/A,N/A,$30.00,https://www.meetup.com/social-events-in-nyc/events/303262370/?recId=06ed7609-70fd-404b-af09-d21bd4ac17cf&recSource=ml-popular-events-nearby&searchId=e5ca4056-f566-4f46-a15e-d6cc9a27c9d4&eventOrigin=find_page$inPerson,N/A,N/A,N/A
Group Yoga Class in Sheep Meadow,Girl Gang Yoga by UrbanNomad,N/A,"Wednesday, September 25, 2024
9:00 AM to 10:30 AM EDT",Le Pain Quotidien,"2 West 69th Street ¬∑ New York, NY",$26.00,https://www.meetup.com/girl-gang-yoga-sisterhood-yoga-flow/events/303526035/?recId=06ed7609-70fd-404b-af09-d21bd4ac17cf&recSource=ml-popular-events-nearby&searchId=e5ca4056-f566-4f46-a15e-d6cc9a27c9d4&eventOrigin=find_page$inPerson,PRICE_LEVEL_MODERATE,3.6,Wonderful location right on the pond in Central Park. I‚Äôve been several times for table service and each time the servers have had a sever attitude problem but wonderful views on a nice day. Food is average but it‚Äôs fairly priced so still a nice experience. Great spot to see the Saturday boat races!
CO-ED Open play in Manhattan @ Upper East Side üèê Check Description ‚¨áÔ∏è,GoodRec Open Play Volleyball in NYC Everyday,N/A,"Tuesday, September 24, 2024
9:00 PM to 11:00 PM EDT",Trevor Day School - Upper School,"312 E 95th St ¬∑ New York, NY",FREE,https://www.meetup.com/goodrec-open-play-volleyball-in-new-york-city/events/303248205/?recId=06ed7609-70fd-404b-af09-d21bd4ac17cf&recSource=ml-popular-events-nearby&searchId=e5ca4056-f566-4f46-a15e-d6cc9a27c9d4&eventOrigin=find_page$inPerson,N/A,4.9,Decent place for a game of basketball with nycbasketballleague
Midtown Swings: Swing Dance Social,New York City Swing Dance Group,N/A,"Wednesday, September 25, 2024 at 9:00 PM to Thursday, September 26, 2024 at 12:00 AM EDT",EPA Dance Studio,"320 w 37th st FL2 ¬∑ New York , NY",FREE,https://www.meetup.com/nycswingdance/events/303270844/?recId=06ed7609-70fd-404b-af09-d21bd4ac17cf&recSource=ml-popular-events-nearby&searchId=e5ca4056-f566-4f46-a15e-d6cc9a27c9d4&eventOrigin=find_page$inPerson,N/A,4.7,Wonderful venue for Ballroom Dancing! BEAUTIFUL NEW DANCE STUDIO in a Great Location! Ease of Parking. Near Penn Station and LIRR. Super Nice Crowd of Dancers! And Great DJ Irene plays the Best Danceable Music!!
"GroupMeditation: T,W,Th&Sat: 4 hrs, 11:30am PT, 1:30pm CT, 2:30pm ET",Transmission Meditation - World Service Group Meditation,N/A,"Wednesday, September 25, 2024
2:30 PM to 6:30 PM EDT",N/A,N/A,FREE,https://www.meetup.com/globalzoomtransmissionmeditationnetwork/events/303262204/?recId=06ed7609-70fd-404b-af09-d21bd4ac17cf&recSource=ml-popular-events-nearby&searchId=e5ca4056-f566-4f46-a15e-d6cc9a27c9d4&eventOrigin=find_page$inPerson,N/A,N/A,N/A
Psychic Tarot Reading - Live Online,FUN THINGS TO DO IN NYC FOR THE OVER 30 CROWD,N/A,"Wednesday, September 25, 2024
5:00 PM to 8:00 PM EDT",N/A,N/A,$30.00,https://www.meetup.com/nyc-30-over-group/events/303264306/?recId=06ed7609-70fd-404b-af09-d21bd4ac17cf&recSource=ml-popular-events-nearby&searchId=e5ca4056-f566-4f46-a15e-d6cc9a27c9d4&eventOrigin=find_page$inPerson,N/A,N/A,N/A
"All Board Games, Word Games and Catan",Uptown NYC Board Gamers,N/A,"Wednesday, September 25, 2024
5:00 PM to 7:00 PM EDT",Bryant Park near the Carousel,"40th Street between 5th and 6th Avenues ¬∑ New York, NY",FREE,https://www.meetup.com/uptown-nyc-board-gamers/events/303564270/?recId=06ed7609-70fd-404b-af09-d21bd4ac17cf&recSource=ml-popular-events-nearby&searchId=e5ca4056-f566-4f46-a15e-d6cc9a27c9d4&eventOrigin=find_page$inPerson,N/A,N/A,No reviews available
Poker NLH 2/5,Long Island City Poker Club,N/A,"Wednesday, September 25, 2024 at 7:00 PM to Thursday, September 26, 2024 at 6:00 PM EDT",Manhattan,"¬∑ New York, NY",FREE,https://www.meetup.com/lic-poker-club/events/303537509/?recId=06ed7609-70fd-404b-af09-d21bd4ac17cf&recSource=ml-popular-events-nearby&searchId=e5ca4056-f566-4f46-a15e-d6cc9a27c9d4&eventOrigin=find_page$inPerson,N/A,N/A,No reviews available
Piano Jazz Series: Silvano Monasterios,"Decibel Presents: Jazz, Latin, Classical, and More",N/A,"Tuesday, September 24, 2024
8:30 PM to 9:30 PM EDT",Klavierhaus,"790 11th Ave ¬∑ New York, NY",FREE,https://www.meetup.com/decibel/events/302424301/?recId=06ed7609-70fd-404b-af09-d21bd4ac17cf&recSource=ml-popular-events-nearby&searchId=e5ca4056-f566-4f46-a15e-d6cc9a27c9d4&eventOrigin=find_page$inPerson,N/A,4.8,"I can‚Äôt comment about the piano store, as it was closed when I was there.  But at night they are sponsoring a really wonderful series of jazz piano concerts in their small, adjacent performance venue."
